row_id,rule_violation
2029,0.05030483
2030,0.42198768
2031,0.90298873
2032,0.984356
2033,0.99213177
2034,0.017485702
2035,0.9587366
2036,0.024548505
2037,0.04218746
2038,0.88501745
